,stromal_score,immune_score,estimate_score,tumor_purity,true_purity
TCGA-LIHC-0000,-0.28762822156986223,-0.1830678486057092,-0.47069607017557147,0.8225486713258355,0.7957962893885334
TCGA-LIHC-0001,0.18106545423167988,-0.06141141828805388,0.119654035943626,0.8224993871165606,0.7514379330856781
TCGA-LIHC-0002,0.10110673987112986,-0.15263139831661068,-0.05152465844548082,0.8225136782666308,0.7579549828791108
TCGA-LIHC-0003,0.3787397165242744,0.13150798013230028,0.5102476966565747,0.8224667757832951,0.6012566391295915
TCGA-LIHC-0004,-0.36332681671902817,-0.20294396003826784,-0.566270776757296,0.8225566496099705,0.9602002890154153
TCGA-LIHC-0005,0.33502214053498586,0.20964664323369347,0.5446687837686793,0.8224639017781876,0.5709579665930622
TCGA-LIHC-0006,-0.3508303024290252,-0.3174827332764335,-0.6683130357054587,0.8225651676068926,0.8607410143940987
TCGA-LIHC-0007,0.339313844363894,-0.060305656322867454,0.27900818804102656,0.8224860826921719,0.6641156793587346
TCGA-LIHC-0008,-0.005071012043724674,-0.1386591498878017,-0.14373016193152638,0.8225213759877443,0.7256660469967509
TCGA-LIHC-0009,-0.21348899493447535,-0.4928331092792372,-0.7063221042137126,0.8225683403739228,0.878709207150594
TCGA-LIHC-0010,-0.37539900928404846,-0.13163619421484893,-0.5070352034988974,0.8225517048245965,0.925811606062598
TCGA-LIHC-0011,0.35190385723225315,0.007435017204020585,0.3593388744362737,0.8224793757396601,0.548064565409993
TCGA-LIHC-0012,0.45174324118248327,-0.14609205919706408,0.3056511819854192,0.8224838582336865,0.7726722237419349
TCGA-LIHC-0013,-0.01591292608854852,-0.12993837472268283,-0.14585130081123135,0.8225215530679776,0.7717819684851042
TCGA-LIHC-0014,0.4680415335387395,-0.10450523984518476,0.3635362936935548,0.822479025286484,0.5210928882962691
TCGA-LIHC-0015,-0.2951061560802918,-0.0460106390552988,-0.34111679513559057,0.8225378541858072,0.8161061102831512
TCGA-LIHC-0016,0.3011094391921882,-0.09879556922183667,0.2023138699703515,0.8224924859310841,0.564329179567133
TCGA-LIHC-0017,0.07647616967140931,0.2908137821296871,0.3672899518010964,0.8224787118837871,0.6955255418595557
TCGA-LIHC-0018,-0.03966287102397499,0.10779283946852304,0.06812996844454805,0.8225036887472922,0.7033277158030663
TCGA-LIHC-0019,-0.15634036588933256,0.20923266641941612,0.052892300530083564,0.8225049608975571,0.7204205343786013
TCGA-LIHC-0020,0.11013078551861315,0.10371566878603339,0.21384645430464655,0.8224915230777212,0.618516567941663
TCGA-LIHC-0021,-0.07434275141863489,-0.26159907190997356,-0.33594182332860845,0.8225374221784865,0.8505770661072206
TCGA-LIHC-0022,0.324850575071234,0.04229762478628873,0.36714819985752273,0.8224787237190307,0.4987590569652909
TCGA-LIHC-0023,0.1069794429778117,0.14708038248404812,0.2540598254618598,0.8224881656522584,0.7876278197268776
TCGA-LIHC-0024,0.04155849689968996,0.2891505751551087,0.3307090720547987,0.8224817661061217,0.6596127560792087
TCGA-LIHC-0025,-0.09844228545021438,-0.28214214038233465,-0.38058442583254903,0.8225411489331466,0.7400284924195182
TCGA-LIHC-0026,0.03835323754657228,-0.1360766978077045,-0.09772346026113224,0.8225175351647046,0.7652306850575336
TCGA-LIHC-0027,0.03990249006676043,0.09945034462502471,0.13935283469178514,0.8224977424948772,0.5997794779361405
TCGA-LIHC-0028,-0.3020452303007634,-0.11569447443733272,-0.41773970473809613,0.8225442506207435,0.7212828312656074
TCGA-LIHC-0029,0.13543852807450102,-0.0023705058155814545,0.13306802225891956,0.8224982672047161,0.7247142755349301
TCGA-LIHC-0030,0.07172771495986535,0.450833804549979,0.5225615195098443,0.8224657476371872,0.6536940404098422
TCGA-LIHC-0031,0.0924006408423428,0.46466580572626776,0.5570664465686106,0.822462866624268,0.6584309311037017
TCGA-LIHC-0032,-0.12410130345567504,-0.17476206091691235,-0.29886336437258737,0.8225343268500184,0.769370657555962
TCGA-LIHC-0033,0.3189083940753725,-0.028270266737509712,0.2906381273378628,0.8224851116948438,0.49924661902968537
TCGA-LIHC-0034,0.8297156534436038,0.37584345613285197,1.2055591095764557,0.8224087163531568,0.3966597145697046
TCGA-LIHC-0035,0.2496381917616901,0.07526095424978395,0.32489914601147407,0.8224822511881147,0.6713494572212239
TCGA-LIHC-0036,-0.1817946249654541,0.21765633457792982,0.03586170961247573,0.822506382729078,0.7280095396756684
TCGA-LIHC-0037,-0.3632483865527712,-0.26642976352192077,-0.629678150074692,0.822561942574195,0.9509905103013654
TCGA-LIHC-0038,0.03332196233413529,0.05199113029594833,0.08531309263008363,0.8225022541713893,0.7322851655276931
TCGA-LIHC-0039,0.3109368822558989,0.4216196942294425,0.7325565764853414,0.8224482136270982,0.5390540201753489
TCGA-LIHC-0040,0.7897515362668989,0.37693393382457324,1.1666854700914722,0.8224119625799898,0.3919299060422733
TCGA-LIHC-0041,0.19445702307415041,0.17571040400183,0.3701674270759804,0.822478471635709,0.7116978489082427
TCGA-LIHC-0042,-0.2377648031878218,-0.11368944664142441,-0.3514542498292462,0.8225387171564509,0.926335049171045
TCGA-LIHC-0043,0.6957341264591294,0.30333163463543616,0.9990657610945655,0.8224259597174531,0.508671721699681
TCGA-LIHC-0044,0.6283198885093504,0.01551989104173182,0.6438397795510822,0.8224556213311409,0.6447284351945167
TCGA-LIHC-0045,-0.27589335375390467,-0.22296786942533586,-0.49886122317924053,0.8225510224834737,0.738916560935646
TCGA-LIHC-0046,0.030068429245897373,0.2432899049449463,0.27335833419084365,0.8224865544042584,0.6276956838705985
TCGA-LIHC-0047,-0.2939848479845663,-0.27786105075154155,-0.5718458987361079,0.8225571149991012,0.8549501657414503
TCGA-LIHC-0048,-0.2985736438057922,-0.1723613278894689,-0.4709349716952611,0.8225486912688054,0.8088247269742654
TCGA-LIHC-0049,0.43831472250635967,0.2749411170893606,0.7132558395957203,0.8224498252181927,0.49641195779333475
TCGA-LIHC-0050,-0.18323189122489109,-0.005055691828044081,-0.18828758305293516,0.8225250957833024,0.7579669876344522
TCGA-LIHC-0051,-0.13720548188851148,0.05000720935156525,-0.08719827253694623,0.8225166564747612,0.8268006851508448
TCGA-LIHC-0052,0.1303018921122522,0.26324006869176547,0.3935419608040177,0.8224765200281661,0.6770956224095878
TCGA-LIHC-0053,0.6442281119388973,0.3534324690039034,0.9976605809428007,0.8224260770553671,0.5198931175616088
TCGA-LIHC-0054,-0.2724923264408679,-0.03612160366994417,-0.30861393011081206,0.8225351408345288,0.8866087926804624
TCGA-LIHC-0055,0.5203096296333138,0.13555272856991132,0.6558623582032251,0.822454617474118,0.5338395953442137
TCGA-LIHC-0056,-0.09757140657087779,0.3004302732735472,0.20285886670266942,0.8224924404294595,0.6027072010026951
TCGA-LIHC-0057,0.1272155998880654,0.08844111562633783,0.21565671551440324,0.822491371939129,0.7854993601217873
TCGA-LIHC-0058,-0.3789718129949973,-0.1508823325763301,-0.5298541455713275,0.8225536096800915,0.8907092685328146
TCGA-LIHC-0059,-0.64537507474473,-0.21015333960207344,-0.8555284143468034,0.8225807949662369,0.9081616337628275
TCGA-LIHC-0060,0.29752369467488776,-0.04634370557695745,0.2511799890979303,0.8224884060915444,0.6160869699678154
TCGA-LIHC-0061,-0.4664496023060338,-0.13649141614559593,-0.6029410184516297,0.8225597106865954,0.8914463430902213
TCGA-LIHC-0062,-0.016684122428288716,-0.239228247261193,-0.2559123696894817,0.8225307412488438,0.6837908089543394
TCGA-LIHC-0063,-0.010938843477489078,0.05125775837003721,0.04031891489254813,0.8225060106112497,0.707925673143736
TCGA-LIHC-0064,0.30912322460210867,0.4369040081389661,0.7460272327410749,0.8224470888376523,0.6453013821578876
TCGA-LIHC-0065,-0.5561116850316378,-0.2510632073021645,-0.8071748923338022,0.8225767588302653,0.8791772076748084
TCGA-LIHC-0066,0.9040723938815536,0.30505418457749994,1.2091265784590535,0.8224084184426572,0.38044819059090573
TCGA-LIHC-0067,0.21742860379045637,0.06728425883704096,0.28471286262749734,0.822485606402472,0.5986590205696427
TCGA-LIHC-0068,-0.6492378889369429,-0.35442340746138307,-1.003661296398326,0.822593159566718,0.8916913232451109
TCGA-LIHC-0069,-0.10622337974987567,-0.11390242084434347,-0.22012580059421916,0.8225277537176449,0.784771612779088
TCGA-LIHC-0070,-0.5522798065655058,-0.28082659296128804,-0.8331063995267938,0.8225789233745172,0.9493936041328687
TCGA-LIHC-0071,-0.09592894314341878,-0.2396230296142484,-0.3355519727576672,0.8225373896336907,0.8583373459082819
TCGA-LIHC-0072,0.06861236618807488,0.10465359598238155,0.17326596217045642,0.8224949111251636,0.6475644178510022
TCGA-LIHC-0073,-0.3296889282478931,-0.02270962577605844,-0.35239855402395154,0.8225387959868639,0.8579377243901719
TCGA-LIHC-0074,-0.31532468460173524,0.008014907907619542,-0.3073097766941157,0.8225350319629251,0.8690341933565224
TCGA-LIHC-0075,0.44877201035914477,0.5981153034064414,1.046887313765586,0.8224219664141471,0.5290214802414378
TCGA-LIHC-0076,0.22305667209022734,0.16021343011785022,0.38327010220807756,0.822477377656593,0.6511457822536105
TCGA-LIHC-0077,0.01941871526334786,-0.17373975373092307,-0.15432103846757522,0.8225222601510676,0.5883764744759382
TCGA-LIHC-0078,-0.3914544654738019,-0.07305908718978545,-0.46451355266358735,0.8225481552226114,0.9080403979367927
TCGA-LIHC-0079,-0.4259882045031345,-0.3125910619798951,-0.7385792664830296,0.8225710329865412,0.956318374061485
TCGA-LIHC-0080,-0.8745302511583221,-0.41119664753468893,-1.285726898693011,0.8226167024097065,0.9535437444155195
TCGA-LIHC-0081,0.46197789592335303,0.06704709549244624,0.5290249914157993,0.8224652079667043,0.5495346679529837
TCGA-LIHC-0082,-0.25750014422231454,-0.22234677941583447,-0.479846923638149,0.8225494352180976,0.7983691564575395
TCGA-LIHC-0083,-0.5788144765121117,-0.16966691445769919,-0.7484813909698109,0.822571859546106,0.9448830813391883
TCGA-LIHC-0084,0.22367032386613053,0.2140005697362466,0.4376708936023771,0.8224728355493188,0.6304796353037824
TCGA-LIHC-0085,-0.2542951627330537,-0.35129462584163135,-0.605589788574685,0.8225599317937954,0.843275044756087
TCGA-LIHC-0086,0.46823237683596675,0.20338619251150797,0.6716185693474748,0.8224533018636905,0.5370792482408929
TCGA-LIHC-0087,0.11041855758789512,0.03720057251035745,0.14761913009825256,0.8224970523528441,0.7668327836692785
TCGA-LIHC-0088,-0.2726779177577345,-0.24093350450160067,-0.5136114222593351,0.8225522537881725,0.747948435107594
TCGA-LIHC-0089,-0.1873182876689676,-0.2122818721263224,-0.39960015979529,0.8225427363517177,0.7171556609456584
TCGA-LIHC-0090,-0.30877008816712775,-0.4804417789982446,-0.7892118671653723,0.8225752594209259,0.8074626164270294
TCGA-LIHC-0091,0.1243571600155647,0.09186548911735153,0.21622264913291622,0.8224913246893556,0.6936605565081185
TCGA-LIHC-0092,-0.19635217617115616,-0.4105824057194811,-0.6069345818906373,0.8225600440509354,0.8269202468678515
TCGA-LIHC-0093,-0.5217614975134053,-0.39835571753767535,-0.9201172150510806,0.8225861862189344,0.7822093173965847
TCGA-LIHC-0094,0.8547912766521799,0.8997001354354547,1.7544914120876345,0.8223628737223629,0.3382469519769455
TCGA-LIHC-0095,0.08076796505616936,0.30904514495699603,0.3898131100131654,0.8224768313613711,0.7241010434605898
TCGA-LIHC-0096,-0.44926389366561237,-0.2201121639645976,-0.6693760576302099,0.8225652563418782,0.8599112545626415
TCGA-LIHC-0097,-0.4071633263498503,0.03701911712518511,-0.3701442092246652,0.8225402773893196,0.827247667159291
TCGA-LIHC-0098,-0.2641745127251401,-0.217388327203484,-0.4815628399286241,0.8225495784586895,0.8438067295593595
TCGA-LIHC-0099,-0.2737696907153005,0.0037329277455602885,-0.2700367629697402,0.8225319203739485,0.8266101239301327
TCGA-LIHC-0100,-0.07750233886455195,0.3411928265267369,0.26369048766218495,0.8224873615813582,0.652188831266775
TCGA-LIHC-0101,-0.5312786549029628,-0.2058177543191348,-0.7370964092220975,0.8225709092079183,0.8355971003171622
TCGA-LIHC-0102,-0.12283121918620331,-0.11284097639265347,-0.23567219557885677,0.8225290515632057,0.6999772037787169
TCGA-LIHC-0103,-0.4125127283947689,0.18770440849475883,-0.22480831990001005,0.8225281446245984,0.8218593977787356
TCGA-LIHC-0104,-0.18960117151039124,0.10075780650903608,-0.08884336500135516,0.8225167938145983,0.7778882543257616
TCGA-LIHC-0105,-0.5762648103790369,-0.3516595821810207,-0.9279243925600575,0.8225868378821148,0.8694653743327073
TCGA-LIHC-0106,0.07171992615002358,0.47681068191777415,0.5485306080677977,0.8224635793320134,0.6643595503837364
TCGA-LIHC-0107,-0.043180265607601645,-0.3222041000753423,-0.3653843656829439,0.8225398800394267,0.7543340628652719
TCGA-LIHC-0108,0.4897297277121542,-0.09514807711005571,0.3945816506020985,0.8224764332212277,0.663304785667837
TCGA-LIHC-0109,-0.3886059708262792,-0.3616989856345567,-0.750304956460836,0.8225720117643117,0.9277501302091156
TCGA-LIHC-0110,-0.6130760527043663,-0.5102959537635509,-1.1233720064679171,0.8226031514941712,0.9311923117131288
TCGA-LIHC-0111,0.12536658805146114,0.3610243214642581,0.4863909095157193,0.8224687677048118,0.568574344587114
TCGA-LIHC-0112,0.4971135744155858,0.12488985890777972,0.6220034333233655,0.8224574446081093,0.49967712813780896
TCGA-LIHC-0113,0.06122072048040202,0.11189066256340002,0.17311138304380205,0.8224949240308511,0.5555742695239623
TCGA-LIHC-0114,0.7351682418070137,0.4261388933806639,1.1613071351876776,0.8224124117072992,0.30673237159354966
TCGA-LIHC-0115,-0.12272745399234568,-0.33336456479614635,-0.45609201878849204,0.8225474522100418,0.871983675681599
TCGA-LIHC-0116,1.0472507063329792,0.46368985971132404,1.5109405660443032,0.8223832138866958,0.31201700845018593
TCGA-LIHC-0117,0.6444039630074864,0.18722255738321375,0.8316265203907001,0.822439941287771,0.5359705726828938
TCGA-LIHC-0118,-0.22384728434476223,-0.10943931365126604,-0.3332865979960283,0.8225372005197454,0.7302465324991889
TCGA-LIHC-0119,0.20934691710123382,0.367881990065045,0.5772289071662788,0.8224611831358096,0.5905680476590286
TCGA-LIHC-0120,-0.13216285237673012,0.10955144742058832,-0.022611404956141792,0.8225112644299862,0.6705436003586598
TCGA-LIHC-0121,0.8346413780838462,0.19847893232871336,1.0331203104125595,0.8224231160217107,0.3461361651028987
TCGA-LIHC-0122,-0.3861682521782364,0.07743520590760315,-0.30873304627063325,0.8225351507784244,0.829923671535465
TCGA-LIHC-0123,-0.08695186990161201,-0.04541307827706342,-0.13236494817867545,0.8225204271778375,0.6762433807531378
TCGA-LIHC-0124,0.1382482744502962,0.2811626216382033,0.4194108960884995,0.8224743601445227,0.6002725074415509
TCGA-LIHC-0125,-0.6028846480950472,-0.2921264584246321,-0.8950111065196793,0.8225840906109267,0.9644093527378761
TCGA-LIHC-0126,0.24095905676731627,0.20347341273690142,0.44443246950421766,0.8224722709986635,0.5968443649288645
TCGA-LIHC-0127,-0.18662320691936313,-0.0057756223985554545,-0.19239882931791857,0.8225254390014736,0.953643459413969
TCGA-LIHC-0128,0.3993909242901918,0.26250889187440607,0.6618998161645979,0.8224541133596208,0.53944704341194
TCGA-LIHC-0129,0.5232689866043628,0.047556363432422914,0.5708253500367857,0.8224617178091551,0.48670835374969135
TCGA-LIHC-0130,-0.5129554304288108,0.0184904424597326,-0.4944649879690782,0.8225506554975066,0.8837660391628253
TCGA-LIHC-0131,0.36984029056423534,0.051227128156509934,0.42106741872074527,0.8224742218355219,0.583987365990651
TCGA-LIHC-0132,-0.4345968147335196,0.1771879272235477,-0.2574088875099719,0.8225308661805179,0.8116414081413805
TCGA-LIHC-0133,-0.15316724329443754,-0.19114196870856529,-0.3443092120030028,0.8225381206889465,0.8713233678974095
TCGA-LIHC-0134,-0.22884283636316635,-0.22040828017855116,-0.4492511165417175,0.8225468811444697,0.8577605028770214
TCGA-LIHC-0135,0.15151936074034394,0.17864018229173614,0.33015954303208006,0.8224818119873912,0.6284379839620208
TCGA-LIHC-0136,0.006728253208869331,0.007100322771910964,0.013828575980780295,0.8225082221998375,0.7601322772949104
TCGA-LIHC-0137,-0.3065843417600222,-0.22107020271995095,-0.5276545444799732,0.8225534260645215,0.7783877583330863
TCGA-LIHC-0138,0.6953334088288329,0.5659084612074768,1.2612418700363097,0.8224040663978918,0.3371276707155157
TCGA-LIHC-0139,-0.11529883261648129,0.19877009035159315,0.08347125773511187,0.8225024079418114,0.7414284702112457
TCGA-LIHC-0140,-0.151622118992348,-0.6077622620164275,-0.7593843810087755,0.8225727696488631,0.8605380031959957
TCGA-LIHC-0141,-0.49324260735022074,-0.45831380724384746,-0.9515564145940683,0.822588810434579,0.8839357923009384
TCGA-LIHC-0142,-0.39562926658067726,-0.13449020963944758,-0.5301194762201249,0.8225536318290283,0.8451055258773464
TCGA-LIHC-0143,0.0034122623958593766,-0.05943886691572315,-0.05602660451986377,0.8225140541123954,0.7518432075399782
TCGA-LIHC-0144,-0.32972582051756455,-0.5145450218178105,-0.8442708423353751,0.8225798552846892,0.8605401987456005
TCGA-LIHC-0145,0.1143435869193039,0.041225473389945935,0.15556906030924983,0.8224963886225789,0.6587121830756478
TCGA-LIHC-0146,-0.5799208162258243,-0.6843546417368548,-1.264275457962679,0.8226149119966895,0.9412778144812646
TCGA-LIHC-0147,-0.08852201164689702,-0.26285987476907374,-0.3513818864159708,0.8225387111155602,0.8619130919985593
TCGA-LIHC-0148,-0.09231612794595406,-0.22915162916811296,-0.32146775711406705,0.8225362138790328,0.6808863617407889
TCGA-LIHC-0149,-0.03884130072719179,-0.10293350444687113,-0.14177480517406293,0.8225212127475229,0.691899498580204
TCGA-LIHC-0150,0.1369771711416247,-0.08471408711810752,0.052263084023517176,0.8225050134289944,0.7428365789787669
TCGA-LIHC-0151,-0.07413699994948396,-0.13171595873266692,-0.20585295868215087,0.8225265621871862,0.7831983410981689
TCGA-LIHC-0152,-0.32239339938988604,-0.09648988136375561,-0.4188832807536417,0.8225443460850013,0.872321351317976
TCGA-LIHC-0153,-0.6098461092650036,-0.6527643224031203,-1.262610431668124,0.8226147730273724,0.9487357819864348
TCGA-LIHC-0154,0.22990539407581048,0.06959192242996753,0.29949731650577804,0.8224843720290985,0.6442668352404964
TCGA-LIHC-0155,-0.006810137335754318,-0.09771341850536154,-0.10452355584111586,0.822518102866181,0.6668148792089259
TCGA-LIHC-0156,0.3240718649505043,0.15051218331849298,0.47458404826899725,0.8224697535145025,0.5886931503820583
TCGA-LIHC-0157,0.17735511991814543,0.13497419822901258,0.31232931814715803,0.8224833006653736,0.5903204199626304
TCGA-LIHC-0158,-0.34126224595043614,-0.05186185904160396,-0.3931241049920401,0.8225421957364567,0.7712686944014903
TCGA-LIHC-0159,-0.09218524139227458,0.48402770694280445,0.3918424655505299,0.822476661924275,0.6591680708240923
TCGA-LIHC-0160,0.19247318777203018,0.048360683827418365,0.24083387159944855,0.8224892698939615,0.6614574998030279
TCGA-LIHC-0161,0.33793438320077535,0.11516355110235388,0.4530979343031292,0.822471547483626,0.6695045345034302
TCGA-LIHC-0162,0.10670857976216692,0.07007539843291209,0.17678397819507902,0.8224946174087082,0.6321997229232356
TCGA-LIHC-0163,0.5781686556430009,0.15007535412073436,0.7282440097637353,0.822448573722426,0.5546529389784273
TCGA-LIHC-0164,-0.6626218574001455,-0.4483577901355735,-1.110979647535719,0.8226021171494544,0.9575456535531385
TCGA-LIHC-0165,0.338616583375364,0.29327900090665815,0.6318955842820222,0.8224566186407996,0.6243781501079966
TCGA-LIHC-0166,-0.0484467717340545,0.10246186846665892,0.05401509673260442,0.8225048671585837,0.7572521680071184
TCGA-LIHC-0167,-0.371446828213554,0.26891963474296143,-0.10252719347059258,0.8225179362012756,0.7721269170525672
TCGA-LIHC-0168,-0.04512232968062391,-0.20829838278071672,-0.2534207124613406,0.8225305332412705,0.7433045054569336
TCGA-LIHC-0169,-0.4652190091373359,-0.043848131028400794,-0.5090671401657367,0.8225518744448294,0.9096624816477648
TCGA-LIHC-0170,0.15493004056634688,-0.020135175905374673,0.1347948646609722,0.8224981230332281,0.6348294501753957
TCGA-LIHC-0171,0.6158346654061795,0.194012883302721,0.8098475487089005,0.8224417598466041,0.5219529749634771
TCGA-LIHC-0172,0.03004832056897589,-0.2505380137370616,-0.2204896931680857,0.8225277840962069,0.7311380535503712
TCGA-LIHC-0173,0.46074082165124597,0.3473870358114593,0.8081278574627053,0.8224419034416257,0.5007150722377898
TCGA-LIHC-0174,0.5049517467588623,0.4700159182128348,0.9749676649716972,0.82242797199575,0.5658309545410637
TCGA-LIHC-0175,-0.3472141658441545,-0.49282306477013715,-0.8400372306142916,0.8225795019000204,0.974346229949354
TCGA-LIHC-0176,-0.2965140762385466,-0.5384344105722677,-0.8349484868108143,0.8225790771360265,0.808971095578615
TCGA-LIHC-0177,0.32006047572883584,0.08702584327551692,0.40708631900435277,0.8224753891660277,0.5923734651459167
TCGA-LIHC-0178,-0.2548664471568081,-0.2682325421231847,-0.5230989892799929,0.8225530457812658,0.8842095518611868
TCGA-LIHC-0179,0.6562387970608066,0.12511950732583227,0.7813583043866388,0.822444138705042,0.5514755026439897
TCGA-LIHC-0180,-0.25138654290790846,-0.22393831641849177,-0.47532485932640023,0.8225490577267245,0.8413496045557047
TCGA-LIHC-0181,0.08450598142080255,-0.39939887642012467,-0.3148928949993221,0.8225356650063155,0.7166616634404209
TCGA-LIHC-0182,-0.2447202697833399,-0.4878656106031125,-0.7325858803864524,0.8225705327000654,0.8351543935946855
TCGA-LIHC-0183,-0.24780726796454672,-0.4422236458287136,-0.6900309137932603,0.8225669804870668,0.8499095260991166
TCGA-LIHC-0184,-0.007289050997340486,-0.08128499191799123,-0.08857404291533172,0.822516771330363,0.7958070678721217
TCGA-LIHC-0185,0.2602189806637661,-0.23512924334325616,0.025089737320509925,0.8225072820451748,0.6385190001566511
TCGA-LIHC-0186,0.5428826042240175,0.16484493775031242,0.7077275419743299,0.8224502868239745,0.5696225594634544
TCGA-LIHC-0187,-0.18044960730587614,0.05305767733690718,-0.12739192996896898,0.8225200120112397,0.7343153929292701
TCGA-LIHC-0188,0.580772052175651,0.23774681752050783,0.8185188696961588,0.8224410357864569,0.34842454507963816
TCGA-LIHC-0189,0.25918320997899436,-0.1753793988589029,0.08380381112009144,0.8225023801777234,0.7124405489868172
TCGA-LIHC-0190,-0.28734703882835183,0.01850264004935527,-0.2688443987789966,0.8225318208337705,0.7285970993072155
TCGA-LIHC-0191,0.025951629901024953,0.15265156404800947,0.17860319394903443,0.8224944655236963,0.7253571344863469
TCGA-LIHC-0192,-0.08610227395924176,-0.14431255576865418,-0.23041482972789595,0.8225286126677906,0.6939958019310778
TCGA-LIHC-0193,-0.17757882514066162,-0.21777696311496816,-0.3953557882556298,0.8225423820354629,0.7734441601952547
TCGA-LIHC-0194,0.28636544121969487,0.3164976862163656,0.6028631274360605,0.8224590427659135,0.499217728683041
TCGA-LIHC-0195,-0.07620163627059731,-0.008317853173862489,-0.0845194894444598,0.822516432837604,0.7416335068655664
TCGA-LIHC-0196,0.0599814966729423,-0.10730860427514731,-0.04732710760220501,0.8225133278330324,0.7092867520229441
TCGA-LIHC-0197,-0.5103546868657685,-0.3977538682986203,-0.9081085551643888,0.8225851838569477,0.8084843483197984
TCGA-LIHC-0198,0.052383389733240554,0.13401496489879833,0.18639835463203888,0.8224938147106863,0.75848563603728
TCGA-LIHC-0199,-0.022125765287812776,0.12712460423130284,0.10499883894349006,0.8225006106514161,0.7494863120137767
TCGA-LIHC-0200,0.09607601291122496,0.09655251430622838,0.19262852721745333,0.8224932945567632,0.6548088596104057
TCGA-LIHC-0201,-0.048768686662119934,-0.3165262142690039,-0.3652949009311238,0.8225398725709401,0.6944689566783886
TCGA-LIHC-0202,-0.7237548407532488,-0.19950421778751223,-0.9232590585407611,0.8225864484679651,0.9535489799204389
TCGA-LIHC-0203,-0.39060650972931027,-0.239023164068648,-0.6296296737979583,0.8225619385276393,0.9736980555137579
TCGA-LIHC-0204,-0.17401428034443261,-0.28795136691493733,-0.46196564725936995,0.8225479425287678,0.8986274411406451
TCGA-LIHC-0205,-0.07334604222889156,-0.3454854747633405,-0.4188315169922321,0.8225443417638294,0.7543069833985184
TCGA-LIHC-0206,-0.10089394121654723,-0.015583219414098747,-0.11647716063064598,0.8225191008029749,0.7045332467386298
TCGA-LIHC-0207,0.555800538622942,0.35279355529132256,0.9085940939142645,0.8224335143760976,0.49524974334136435
TCGA-LIHC-0208,-0.40534069075513807,-0.0628432035976226,-0.46818389435276064,0.8225484616148991,0.8011464229089272
TCGA-LIHC-0209,0.012709956572409014,-0.14052612420852745,-0.12781616763611844,0.8225200474282413,0.6219434060915303
TCGA-LIHC-0210,0.6641826414961411,0.23109047667853616,0.8952731181746774,0.8224346267057288,0.45802675730588394
TCGA-LIHC-0211,-0.0657603943158653,-0.2046534147716164,-0.2704138090874817,0.8225319518502641,0.7405329905203086
TCGA-LIHC-0212,-0.7477195229459799,-0.17774029547628223,-0.9254598184222621,0.8225866321648363,0.9673278224103471
TCGA-LIHC-0213,0.7545016901659469,0.5238554323739837,1.2783571225399306,0.8224026371265601,0.49835271911400486
TCGA-LIHC-0214,-0.30886223743024627,-0.28980595926031755,-0.5986681966905638,0.8225593540107399,0.766538161359746
TCGA-LIHC-0215,-0.20344345411014295,0.07658152388830666,-0.12686193022183628,0.822519967764806,0.7625089988412321
TCGA-LIHC-0216,-0.22431165445486487,-0.0968683536857749,-0.32118000814063974,0.8225361898576231,0.754335817829852
TCGA-LIHC-0217,-0.13864067568706243,-0.36920498840855903,-0.5078456640956215,0.8225517724795265,0.8315575703340327
TCGA-LIHC-0218,0.12426986759945152,-0.03109214861524331,0.09317771898420821,0.8225015975717322,0.5759113194946054
TCGA-LIHC-0219,0.03765778762744462,-0.08920691816304847,-0.05154913053560385,0.8225136803096885,0.6709062362051663
TCGA-LIHC-0220,-0.26255953247533564,-0.03105223638071585,-0.2936117688560515,0.8225338884422042,0.7774403463060703
TCGA-LIHC-0221,0.1180717416441313,0.19103342319110334,0.30910516483523465,0.8224835698552101,0.5770233497891692
TCGA-LIHC-0222,0.30093762873418495,0.3141785247267217,0.6151161534609066,0.8224580196759499,0.5635221921799868
TCGA-LIHC-0223,-0.08186068368787694,0.0005358201059180982,-0.08132486358195884,0.8225161661353488,0.7355701434572628
TCGA-LIHC-0224,0.20136714328307662,0.04017908521001674,0.24154622849309337,0.8224892104189964,0.6714422661736134
TCGA-LIHC-0225,0.15384521152737185,-0.09669525761554912,0.05714995391182273,0.8225046054384018,0.7149202034551619
TCGA-LIHC-0226,-0.4645773096586706,-0.1368888455754105,-0.6014661552340811,0.8225595875717142,0.8914976688657291
TCGA-LIHC-0227,-0.1107335715687995,-0.13209958346133546,-0.24283315503013497,0.8225296493736332,0.8193792859466061
TCGA-LIHC-0228,0.23041100898240832,0.08623283375682855,0.31664384273923685,0.8224829404383662,0.663465848805122
TCGA-LIHC-0229,-0.013981774722980374,-0.15762716797310158,-0.17160894269608196,0.8225237034013566,0.7572515539909722
TCGA-LIHC-0230,0.686012579796951,-0.21960287293622413,0.4664097068607268,0.8224704360267907,0.5101160320044482
TCGA-LIHC-0231,0.45477758260088186,0.33826194566818785,0.7930395282690696,0.8224431633219071,0.40894081601526355
TCGA-LIHC-0232,-0.09093490820293008,0.007148521471361398,-0.08378638673156868,0.822516371634789,0.7148826760092241
TCGA-LIHC-0233,-0.25960857471992727,0.04474151451043776,-0.2148670602094895,0.822527314706032,0.7945298919647389
TCGA-LIHC-0234,-0.553560011259016,-0.3550844178457221,-0.9086444291047381,0.8225852285863618,0.8717313535270071
TCGA-LIHC-0235,-0.19962862053510563,0.22531152332387497,0.025682902788769335,0.8225072325238185,0.8793761378133916
TCGA-LIHC-0236,-0.34063428850434674,-0.4699734819055924,-0.8106077704099391,0.8225770453787563,0.8788043508054824
TCGA-LIHC-0237,-0.22806594357392113,-0.08890027085607513,-0.3169662144299963,0.8225358380881221,0.8577354064264148
TCGA-LIHC-0238,0.12531692585651574,0.3338063901264475,0.4591233159829633,0.8224710443991236,0.6633604630334864
TCGA-LIHC-0239,0.28771404310373605,0.199910558904218,0.48762460200795404,0.8224686646979523,0.6122429358497128
TCGA-LIHC-0240,0.05448709604528153,-0.060448660721491944,-0.005961564676210417,0.8225098744034722,0.6561995181415002
TCGA-LIHC-0241,-0.030714642369001822,0.09255937080666575,0.06184472843766393,0.8225042134848951,0.6784419814092639
TCGA-LIHC-0242,0.18975797175477194,-0.5779643987715404,-0.38820642701676844,0.8225417852126027,0.7615557181161648
TCGA-LIHC-0243,0.5936236511988054,0.3943423743489319,0.9879660255477374,0.822426886586847,0.4789674184281986
TCGA-LIHC-0244,-0.3210454969804109,-0.13530871776061312,-0.456354214741024,0.8225474740976471,0.8911411648478524
TCGA-LIHC-0245,0.24745224253614037,0.2906912398331576,0.538143482369298,0.8224644466129573,0.5764799908918402
TCGA-LIHC-0246,0.07198304184724202,0.30563311566669465,0.3776161575139367,0.822477849720675,0.6292787328315191
TCGA-LIHC-0247,-0.22154581198510317,0.14782697229016178,-0.07371883969494139,0.8225155311482998,0.7404023155107218
TCGA-LIHC-0248,0.04495619956581623,-0.022110259177340597,0.022845940388475632,0.8225074693720501,0.713128238308816
TCGA-LIHC-0249,-0.1403118043889707,-0.3262401199121107,-0.4665519243010814,0.8225483253815531,0.8374038070792574
TCGA-LIHC-0250,0.6849983071871557,0.20462030777209733,0.8896186149592531,0.8224350988677487,0.4680571784976578
TCGA-LIHC-0251,0.2931410656283462,-0.023592866599698427,0.26954819902864774,0.8224868725160275,0.6482553056872921
TCGA-LIHC-0252,-0.37820713710610726,-0.19244074961206067,-0.5706478867181679,0.822557014993843,0.9212613413823948
TCGA-LIHC-0253,0.448210277532816,0.41530035645193486,0.8635106339847509,0.8224372789276083,0.5399344408023439
TCGA-LIHC-0254,0.10708595863092767,0.12710786268931804,0.2341938213202457,0.8224898242740121,0.6308949588379466
TCGA-LIHC-0255,-0.11186803284752984,-0.06479652807485983,-0.1766645609223897,0.8225241254597545,0.7345815525460384
TCGA-LIHC-0256,0.1666183042122611,-0.049564937061525455,0.11705336715073564,0.8224996042417884,0.7585959233913051
TCGA-LIHC-0257,0.008519442693409002,-0.043986928254035475,-0.03546748556062647,0.8225123377277862,0.6984019329167863
TCGA-LIHC-0258,-0.055001841577394926,0.18167132637567698,0.12666948479828205,0.822498801408573,0.8200799380125999
TCGA-LIHC-0259,0.0852606429891271,-0.13171169559050666,-0.046451052601379564,0.8225132546953187,0.746691928791484
TCGA-LIHC-0260,0.12878578251867986,0.4146871044422649,0.5434728869609448,0.8224640016305148,0.4957981536970268
TCGA-LIHC-0261,0.3203156278595649,0.37485551302816056,0.6951711408877255,0.8224513352653958,0.5294369199026701
TCGA-LIHC-0262,-0.0622618233016457,-0.1451560909684459,-0.2074179142700916,0.8225266928335407,0.760863934726736
TCGA-LIHC-0263,0.23453500173934885,-0.10246778344975162,0.13206721828959722,0.8224983507603176,0.6612349464798933
TCGA-LIHC-0264,-0.4009501466505951,-0.0717342647598605,-0.4726844114104556,0.8225488373081283,0.844056042906704
TCGA-LIHC-0265,0.19907656472391924,0.4008337448627442,0.5999103095866635,0.8224592893167187,0.6178013492216263
TCGA-LIHC-0266,-0.18492446749417663,-0.22293903954326744,-0.40786350703744406,0.8225434261674731,0.8494259927502235
TCGA-LIHC-0267,-0.17908675473544225,0.05730542324935285,-0.1217813314860894,0.8225195436164737,0.7666117392956887
TCGA-LIHC-0268,-0.478675525076517,-0.21232372371017252,-0.6909992487866895,0.8225670613177574,0.9272242073932077
TCGA-LIHC-0269,-0.04772768831028156,0.08018107871930757,0.03245339040902601,0.8225066672785212,0.7196946347700148
TCGA-LIHC-0270,-0.37677000098071683,-0.049634755787285774,-0.4264047567680026,0.8225449739675861,0.8283207400533512
TCGA-LIHC-0271,-0.3585827031850032,0.14829173692658343,-0.21029096625841975,0.822526932682898,0.6580929764029245
TCGA-LIHC-0272,0.8320734511186216,0.3680608298045777,1.2001342809231994,0.8224091693667431,0.362479258802641
TCGA-LIHC-0273,0.12530779800159378,-0.09203976554473582,0.03326803245685796,0.8225065992667349,0.7005194947170179
TCGA-LIHC-0274,0.32365974752563414,-0.00490842851502293,0.3187513190106112,0.8224827644814626,0.6054353008401214
TCGA-LIHC-0275,0.3207179059124768,0.27999002787852306,0.6007079337909998,0.822459222717675,0.6490613894324588
TCGA-LIHC-0276,0.36408066134755046,0.4160173760664476,0.7800980374139981,0.8224442439372912,0.39016223168011177
TCGA-LIHC-0277,-0.310738900337965,-0.4096505816140094,-0.7203894819519744,0.8225695146269968,0.841380830226827
TCGA-LIHC-0278,-0.806587324795656,-0.40261117365213567,-1.2091984984477917,0.8226103150417435,0.9439164797600872
TCGA-LIHC-0279,-0.8134191162791388,-0.0986710520030875,-0.9120901682822262,0.8225855162021947,0.9772864016779285
TCGA-LIHC-0280,0.012297618194306558,0.07598650716520619,0.08828412535951274,0.8225020061267945,0.7427429537052594
TCGA-LIHC-0281,0.2357574452798999,0.39483640023987315,0.630593845519773,0.8224567273324934,0.64153768887897
TCGA-LIHC-0282,-0.4435641585485362,-0.4514300508463883,-0.8949942093949246,0.8225840892005193,0.8903256863496124
TCGA-LIHC-0283,-0.02319649270485311,0.058144036135599604,0.03494754343074649,0.8225064590498482,0.7119338209814713
TCGA-LIHC-0284,-0.2634124439881925,-0.4038151833462416,-0.6672276273344342,0.8225650770031939,0.8166827556206959
TCGA-LIHC-0285,0.09768010409632981,-0.2484935476758128,-0.150813443579483,0.822521967325029,0.6796131143617583
TCGA-LIHC-0286,0.18926596769635565,-0.12745032506455328,0.061815642631802364,0.8225042159131885,0.5839922017201816
TCGA-LIHC-0287,0.225684656172517,-0.10311813550554555,0.12256652066697146,0.8224991439582312,0.7258867314020924
TCGA-LIHC-0288,-0.20414508215206015,-0.30831005201669737,-0.5124551341687575,0.8225521572646682,0.8327717226495648
TCGA-LIHC-0289,0.04091259863343944,-0.05094789318177068,-0.010035294548331242,0.8225102145028363,0.7235608329503911
TCGA-LIHC-0290,-0.22658550715045234,-0.1276233041694867,-0.35420881131993903,0.8225389471069048,0.8077545578442522
TCGA-LIHC-0291,-0.1519203251590306,-0.19467915737241787,-0.34659948253144846,0.8225383118807474,0.8309127513645158
TCGA-LIHC-0292,-0.18472944244791736,0.22518228446037353,0.040452842012456164,0.822505999430097,0.7525393575453199
TCGA-LIHC-0293,-0.3525346223587695,-0.460688680357664,-0.8132233027164335,0.8225772637017896,0.8511104523018544
TCGA-LIHC-0294,-0.3917914961133783,-0.16332696390328114,-0.5551184600166594,0.8225557186570281,0.8050702949664216
TCGA-LIHC-0295,0.07580997922266193,-0.24570157152561264,-0.1698915923029507,0.8225235600316154,0.7222391896054333
TCGA-LIHC-0296,-0.7674625851875267,-0.30909811677802085,-1.0765607019655477,0.8225992443121156,0.930781543295377
TCGA-LIHC-0297,0.5479446013451391,0.31638470333816787,0.8643293046833069,0.822437210567426,0.44375580754412625
TCGA-LIHC-0298,0.31593074311240676,0.2685024337605712,0.584433176872978,0.8224605816050558,0.6020134558091872
TCGA-LIHC-0299,-0.1332109851082519,0.03844729786397224,-0.09476368724427967,0.8225172880697582,0.8207558459463243
TCGA-LIHC-0300,-0.49345784760830663,-0.31567490924371,-0.8091327568520166,0.8225769222567544,0.9471066931349803
TCGA-LIHC-0301,0.1581989500253864,0.05560389306508378,0.21380284309047018,0.8224915267188181,0.6750272435078399
TCGA-LIHC-0302,-0.08063868295718875,0.3927300650983122,0.3120913821411235,0.8224833205310463,0.741657473754914
TCGA-LIHC-0303,0.188114519558102,0.0868092455520743,0.2749237651101763,0.8224864237048838,0.5558227023395514
TCGA-LIHC-0304,0.061129636912810106,0.08727564236031092,0.14840527927312103,0.8224969867182297,0.840491854063735
TCGA-LIHC-0305,-0.34291647955142995,-0.37381614783654166,-0.7167326273879716,0.822569209376932,0.8430750756712021
TCGA-LIHC-0306,-0.31121468076698683,-0.43415885945511906,-0.7453735402221059,0.822571600124816,0.8264236124698057
TCGA-LIHC-0307,0.09045942091886724,0.1582289259404451,0.24868834685931235,0.8224886141201486,0.7656256126239077
TCGA-LIHC-0308,-0.5141475184359662,-0.09140399801639415,-0.6055515164523604,0.8225599285990148,0.8709991812779259
TCGA-LIHC-0309,-0.2327529966568151,-0.02164100213295684,-0.2543939987897719,0.8225306144927996,0.7516804118949091
TCGA-LIHC-0310,-0.2929026771331732,-0.26544065386249144,-0.5583433309956647,0.8225559878572063,0.754640728147275
TCGA-LIHC-0311,-0.24747539475122585,0.02654907344557067,-0.22092632130565518,0.8225278205468924,0.7605879391879785
TCGA-LIHC-0312,-0.132689697695104,-0.07319836903969135,-0.20588806673479534,0.8225265651180935,0.7674825986378749
TCGA-LIHC-0313,0.14570719522979753,0.012437211121444485,0.15814440635124202,0.8224961736097454,0.6207141149191057
TCGA-LIHC-0314,0.33590490523269295,0.32402315990039965,0.6599280651330925,0.8224542779965781,0.5878140019568501
TCGA-LIHC-0315,0.44014087983507666,0.19399858698097897,0.6341394668160556,0.8224564312825581,0.4730391914128233
TCGA-LIHC-0316,0.5346563065073211,0.4372538895056612,0.9719101960129823,0.822428227304745,0.5521543831754854
TCGA-LIHC-0317,-0.019806801913595896,0.11299908362299266,0.09319228170939677,0.8225015963559227,0.7372546556213507
TCGA-LIHC-0318,-0.1328796821780884,0.43904058728090084,0.30616090510281246,0.8224838156761127,0.7681645038848898
TCGA-LIHC-0319,0.5963476054914965,0.22900585610226068,0.8253534615937571,0.8224404650932757,0.45076256049152547
TCGA-LIHC-0320,0.15559981053094596,0.2383764477396806,0.39397625827062654,0.8224764837673206,0.5620562873881123
TCGA-LIHC-0321,-0.04757415749466614,0.4027693555760099,0.35519519808134375,0.8224797217053986,0.6173999661230365
TCGA-LIHC-0322,0.19315743385070738,0.4858958895046355,0.6790533233553429,0.8224526810758703,0.6214574383103426
TCGA-LIHC-0323,0.28790487657960334,0.3103363311012839,0.5982412076808872,0.8224594286812978,0.533243322827377
TCGA-LIHC-0324,-0.0244616015664261,0.026218906002807137,0.0017573044363810367,0.8225092299852499,0.6056505846553754
TCGA-LIHC-0325,0.22494867705656935,0.2702785547258687,0.49522723178243805,0.822468029917603,0.6546215212437976
TCGA-LIHC-0326,-0.20976023597226168,0.05656637244636229,-0.1531938635258994,0.8225221660506654,0.8512282651083543
TCGA-LIHC-0327,0.39802271387604427,-0.0016853761393270364,0.39633733773671725,0.8224762866333988,0.5006099250237391
TCGA-LIHC-0328,-0.107122283317859,-0.1623237431431279,-0.2694460264609869,0.8225318710584677,0.7595752941359691
TCGA-LIHC-0329,0.6450360568498864,0.7456912794550726,1.390727336304959,0.8223932531147571,0.32832289209175314
TCGA-LIHC-0330,0.03762830582127589,0.16190978751298796,0.19953809333426384,0.8224927176798174,0.687025133708576
TCGA-LIHC-0331,-0.3082378019297447,-0.23374179711383217,-0.5419795990435768,0.8225546218721081,0.9010127929383899
TCGA-LIHC-0332,0.6695305483128151,0.5449508593339235,1.2144814076467387,0.8224079712736976,0.3173922707366385
TCGA-LIHC-0333,0.340581768013545,0.10314380389196237,0.4437255719055074,0.8224723300203715,0.6776704024113176
TCGA-LIHC-0334,-0.4889633214653443,-0.1800720756048793,-0.6690353970702236,0.8225652279054867,0.8589457182934676
TCGA-LIHC-0335,-0.48004211134756913,-0.14881236226125646,-0.6288544736088256,0.8225618738178205,0.8558113276470747
TCGA-LIHC-0336,0.6233120490310088,0.43612659085876254,1.0594386398897713,0.8224209183182494,0.4579151222089859
TCGA-LIHC-0337,-0.13908257221968698,-0.25730983165225213,-0.3963924038719391,0.822542468571216,0.7455228087301009
TCGA-LIHC-0338,-0.10216517332349355,0.06949374512576888,-0.03267142819772467,0.822512104297466,0.6991506747246579
TCGA-LIHC-0339,0.42006405185064416,0.24511941328563644,0.6651834651362806,0.8224538391818629,0.5037615752492631
TCGA-LIHC-0340,0.6126725832877299,0.10929906950358576,0.7219716527913156,0.8224490974578367,0.5563296173863621
TCGA-LIHC-0341,0.06551581691287187,0.06580485117294435,0.13132066808581622,0.8224984130886475,0.6663863118433812
TCGA-LIHC-0342,0.06586245407830613,-0.13051532970572885,-0.06465287562742272,0.8225147742771616,0.7771028265785843
TCGA-LIHC-0343,-0.3279793951151498,0.12741708974155924,-0.20056230537359054,0.8225261205100701,0.7274353364574222
TCGA-LIHC-0344,0.4594121023872877,0.4973198071058906,0.9567319094931783,0.8224294947405326,0.5130137169804924
TCGA-LIHC-0345,0.8372808688331049,0.5493186802076286,1.3865995490407337,0.8223935978293211,0.33034592820565045
TCGA-LIHC-0346,-0.23579231595883174,0.2285546274438361,-0.007237688514995649,0.8225099809419636,0.7320391785520207
TCGA-LIHC-0347,-0.2817590550779585,0.07894297150002114,-0.20281608357793737,0.8225263086612341,0.7624061017507859
TCGA-LIHC-0348,-0.3538703632123975,-0.16656923568549917,-0.5204395988978967,0.8225528237836468,0.8878692992969075
TCGA-LIHC-0349,0.5299839828446858,0.21553568965149109,0.7455196724961769,0.8224471312186009,0.39499990286244757
TCGA-LIHC-0350,0.5517861525489454,0.20432799901212056,0.7561141515610659,0.8224462465855764,0.5570402781229018
TCGA-LIHC-0351,-0.2005945444149649,-0.24040117953650933,-0.44099572395147424,0.8225461919988166,0.8400990346607572
TCGA-LIHC-0352,-0.364728698900062,-0.3637203027912612,-0.7284490016913232,0.8225701873816333,0.8468768798646774
TCGA-LIHC-0353,-0.5560958166620685,-0.29931997152005835,-0.8554157881821269,0.8225807855652219,0.9356603825578297
TCGA-LIHC-0354,0.4427695165075692,0.43900004426711997,0.8817695607746892,0.8224357542781052,0.4134017974641237
TCGA-LIHC-0355,-0.28087385269201287,-0.1292177359405089,-0.41009158863252176,0.8225436121652331,0.8037979987498725
TCGA-LIHC-0356,-0.512634256558812,-0.15332047152478026,-0.6659547280835922,0.8225649707487998,0.771929575133437
TCGA-LIHC-0357,-0.5952174824635402,-0.4158904392855753,-1.0111079217491155,0.8225937811236959,0.921975400292229
TCGA-LIHC-0358,0.8102812060591641,0.1984240610695114,1.0087052671286756,0.8224251547809085,0.4593981170291456
TCGA-LIHC-0359,-0.10144677027898834,0.05190608269163275,-0.04954068758735559,0.8225135126343587,0.6751469415198332
TCGA-LIHC-0360,-0.0027244869886921433,-0.286456050555017,-0.28918053754370915,0.8225335185187352,0.8079216344952572
TCGA-LIHC-0361,-0.134631694054053,-0.131931204501248,-0.266562898555301,0.8225316303709708,0.7968571373186701
TCGA-LIHC-0362,0.22180291308704228,0.6190464387310188,0.8408493518180611,0.8224391711725892,0.6633903250657313
TCGA-LIHC-0363,-0.5924548457308747,-0.24999682803803164,-0.8424516737689063,0.8225797034365372,0.8704863855652488
TCGA-LIHC-0364,0.6338897970512678,0.428146774335328,1.0620365713865958,0.8224207013781671,0.41591893664772966
TCGA-LIHC-0365,0.7393303563182609,0.49863848936318605,1.237968845681447,0.8224060098880018,0.42885590337679164
TCGA-LIHC-0366,-0.2031724856321478,-0.254563452320774,-0.4577359379529218,0.8225475894411786,0.7585701606925432
TCGA-LIHC-0367,-0.09022749881695591,0.02480548048975879,-0.06542201832719712,0.8225148384890224,0.7133143582153553
TCGA-LIHC-0368,-0.4819245436087453,-0.1350077604375867,-0.616932304046332,0.8225608786136384,0.8318434007231277
TCGA-LIHC-0369,0.021671143971338618,-0.16614817210810212,-0.1444770281367635,0.822521438338806,0.740718890392228
TCGA-LIHC-0370,-0.1694223449844974,0.02780867082938177,-0.14161367415511564,0.8225211992957223,0.6090474148122571
