,risk_score,group,STIM1,TRPC6,TRPC1,ORAI1
TCGA-2V-A95S-01,-0.42465938532393116,Low,2369.1155,23.4566,35.1849,818.3743
TCGA-2Y-A9GS-01,0.9698179303324418,High,3038.4426,10.8428,11.3356,372.5973
TCGA-2Y-A9GT-01,0.8364373517563715,High,2895.315,52.9029,13.4499,455.5033
TCGA-2Y-A9GU-01,0.6251333826086954,High,2152.0803,22.5218,12.5121,174.3352
TCGA-2Y-A9GV-01,0.664259217142004,High,2191.2014,49.0694,5.9222,253.8071
TCGA-2Y-A9GW-01,-0.28753995199894994,Low,1903.4483,22.9885,39.0805,485.8238
TCGA-2Y-A9GX-01,0.05603080167297118,High,2495.1515,22.4242,61.8182,438.1818
TCGA-2Y-A9GY-01,-0.9527613831790464,Low,1872.5228,3.2137,120.5142,423.1387
TCGA-2Y-A9GZ-01,2.0098402929986956,High,3874.4027,8.1911,4.0956,161.0922
TCGA-2Y-A9H0-01,-1.3672504779731096,Low,2775.7272,9.3838,108.852,1192.3678
TCGA-2Y-A9H1-01,-0.5504583050647359,Low,1686.0364,5.782,1.1564,710.0318
TCGA-2Y-A9H2-01,-0.13786517224573738,Low,1539.6265,38.8693,18.6774,352.8521
TCGA-2Y-A9H3-01,-1.454903399012659,Low,1178.66,39.7022,39.7022,892.0596
TCGA-2Y-A9H4-01,1.0147308147729701,High,3167.7466,17.2786,2.8798,463.6429
TCGA-2Y-A9H5-01,0.7873988568366996,High,3396.3795,13.1086,47.4407,475.6554
TCGA-2Y-A9H6-01,-0.506347095662672,Low,1381.3215,15.5039,25.1015,428.2023
TCGA-2Y-A9H7-01,-0.4983229186319383,Low,2390.5089,4.0023,85.7633,573.4706
TCGA-2Y-A9H8-01,-0.5192894666137549,Low,1599.6856,10.0778,47.0298,417.2216
TCGA-2Y-A9H9-01,0.8452013377750407,High,2505.482,16.5172,5.6956,232.3793
TCGA-2Y-A9HA-01,0.48229902938713415,High,3387.9159,15.7618,46.4098,672.5044
TCGA-2Y-A9HB-01,0.19527663288480382,High,2191.969,10.7479,15.5247,423.9439
TCGA-3K-AAZ8-01,-0.041417009556495396,Low,2219.5913,4.5102,6.7653,619.0275
TCGA-4R-AA8I-01,0.4516801637967427,High,2425.8242,13.0495,23.3516,340.6593
TCGA-5C-A9VG-01,-0.8899315949190669,Low,681.7181,40.7489,32.489,338.1057
TCGA-5C-A9VH-01,0.31623010167228277,High,2772.2567,34.5066,50.3796,492.7536
TCGA-5C-AAPD-01,-1.1979833884117232,Low,1129.9694,20.6422,30.581,719.419
TCGA-5R-AA1C-01,-0.1858564183280553,Low,2062.8763,1.1512,21.872,547.9515
TCGA-5R-AA1D-01,-0.7680445447326089,Low,1186.593,146.51,89.15,411.8867
TCGA-5R-AAAM-01,0.4399078741395086,High,2701.6743,6.0883,26.6362,451.2938
TCGA-BC-4072-01,-0.14655186487777827,Low,2433.9188,63.509,131.9851,246.5851
TCGA-BC-4073-01,-0.39237946945590474,Low,1706.7704,24.2452,39.3413,456.9991
TCGA-BC-A10Q-01,-2.5142153734886774,Low,1998.705,7.3736,326.2816,392.1831
TCGA-BC-A10R-01,1.346264259478184,High,3929.5178,19.6694,32.236,476.984
TCGA-BC-A10S-01,0.12354108049654221,High,2177.0063,21.6278,11.9522,500.8537
TCGA-BC-A10T-01,0.3566446938003854,High,2460.2353,39.0588,39.5294,381.6471
TCGA-BC-A10U-01,1.0896434479192665,High,3396.3755,17.1933,3.2528,525.5576
TCGA-BC-A10W-01,0.019265921254910758,Low,2050.6212,57.3937,58.5045,329.5509
TCGA-BC-A10X-01,-0.18128624896445206,Low,1843.797,6.0183,31.733,396.6626
TCGA-BC-A10Y-01,0.4288411569244138,High,2146.7846,14.8219,5.7375,315.0849
TCGA-BC-A10Z-01,2.0050942915891903,High,4044.8614,7.3331,18.5485,169.5244
TCGA-BC-A110-01,-0.9081746754748268,Low,1337.3333,37.3333,46.6667,586.6667
TCGA-BC-A112-01,-0.29179741630593553,Low,1602.2484,26.2313,16.06,468.9507
TCGA-BC-A216-01,0.3739773053332496,High,2101.3754,30.5655,20.8864,278.1457
TCGA-BC-A217-01,0.0704696814249909,High,2065.1604,1.9973,31.4567,340.5318
TCGA-BC-A3KF-01,0.3222178431008062,High,2526.1508,32.5171,47.0127,383.5455
TCGA-BC-A3KG-01,0.549719864322484,High,1879.4104,28.3685,11.8202,104.0177
TCGA-BC-A5W4-01,-1.3709937676042439,Low,1976.4263,0.829,19.0679,1260.1376
TCGA-BC-A69H-01,-0.9181595556443404,Low,1302.1898,16.7883,24.0876,654.7445
TCGA-BC-A69I-01,-2.2071492468389695,Low,1798.673,24.2654,16.6825,1753.1754
TCGA-BC-A8YO-01,0.10668921438362095,High,2134.8541,24.153,39.8077,350.218
TCGA-BD-A2L6-01,0.25824526180972185,High,2020.9184,31.6327,5.102,395.9184
TCGA-BD-A3EP-01,0.2132697828775071,High,3693.4947,22.4443,94.687,749.0794
TCGA-BD-A3ER-01,-0.3274129401363051,Low,1835.1547,16.2993,26.6716,529.7277
TCGA-BW-A5NO-01,-0.33867306221194815,Low,1900.0856,27.4051,26.2632,591.493
TCGA-BW-A5NP-01,-1.1590899131659977,Low,1221.0835,2.9283,69.7901,500.7321
TCGA-BW-A5NQ-01,1.1268677021446685,High,3850.5803,37.234,47.3888,529.9807
TCGA-CC-5258-01,-0.06683321968562674,Low,2682.5321,77.1061,111.8515,448.3579
TCGA-CC-5259-01,0.2457062007821984,High,2447.6651,3.2206,22.5443,465.3784
TCGA-CC-5260-01,-1.2434771360685286,Low,2396.682,33.1803,211.5242,440.2311
TCGA-CC-5261-01,-0.3767922453512318,Low,2250.8568,26.7306,52.0905,649.0747
TCGA-CC-5262-01,0.08052721509453979,High,3829.6106,26.4111,21.3804,1288.4848
TCGA-CC-5263-01,0.15165705910197408,High,2925.9117,38.3877,72.1689,563.5317
TCGA-CC-5264-01,-1.8380441666052039,Low,2343.5948,9.9305,231.0493,639.5233
TCGA-CC-A123-01,-1.778302285430542,Low,1719.0009,10.7047,145.4059,748.4389
TCGA-CC-A1HT-01,-0.3355571900559109,Low,2516.4701,16.2668,89.7384,535.448
TCGA-CC-A3M9-01,-1.9068617006492306,Low,1362.4096,27.205,113.1383,855.8782
TCGA-CC-A3MA-01,-0.4398065693145679,Low,1969.2436,127.182,91.8537,535.3283
TCGA-CC-A3MB-01,2.3054117519668327,High,5288.9317,6.1598,26.179,542.8296
TCGA-CC-A3MC-01,1.9663528330896594,High,4333.4088,28.339,15.4017,389.9698
TCGA-CC-A5UC-01,-0.7347738371794784,Low,1471.6029,76.5671,102.6504,325.6205
TCGA-CC-A5UD-01,-0.83423469020754,Low,2488.7064,53.9014,101.1294,845.4825
TCGA-CC-A5UE-01,0.778077369886073,High,3664.1831,5.8542,55.3486,556.1469
TCGA-CC-A7IE-01,0.6446263274869951,High,2959.3301,37.4801,59.0112,338.9155
TCGA-CC-A7IF-01,-0.3000739176876623,Low,1663.1268,22.0476,18.373,483.5782
TCGA-CC-A7IG-01,-1.1399874596864104,Low,1476.2626,9.3574,35.2277,805.2842
TCGA-CC-A7IH-01,-0.6038811361715408,Low,2557.5088,29.6334,12.0542,1154.1939
TCGA-CC-A7II-01,-1.6570207310202034,Low,763.745,13.4937,81.5021,548.9249
TCGA-CC-A7IJ-01,-2.827908125001107,Low,2586.6935,9.6774,275.8065,1141.129
TCGA-CC-A7IK-01,0.10425962223380386,High,2434.2629,25.3984,8.9641,660.3586
TCGA-CC-A7IL-01,0.647122449534085,High,2504.2788,8.9297,0.9922,365.6207
TCGA-CC-A8HS-01,0.3214098970007132,High,2524.8857,33.9647,53.821,350.6205
TCGA-CC-A8HT-01,-1.077740717414907,Low,1911.3692,9.78,95.9658,660.7579
TCGA-CC-A8HU-01,-0.7709452691287059,Low,3018.8578,15.625,170.7974,626.0776
TCGA-CC-A8HV-01,-3.022794074639954,Low,2356.1644,8.0946,415.9402,415.9402
TCGA-CC-A9FS-01,0.8347992773561491,High,4067.9612,11.6505,33.657,840.7767
TCGA-CC-A9FU-01,-1.0274934942466774,Low,1674.33,6.1942,131.0304,324.4789
TCGA-CC-A9FV-01,-1.3854805472679765,Low,2418.3938,6.4767,172.2798,693.6528
TCGA-CC-A9FW-01,-2.1123940592530643,Low,1048.7567,5.1159,105.5733,829.7038
TCGA-DD-A113-01,-0.10569300408169444,Low,2398.5714,20.4762,62.381,485.7143
TCGA-DD-A114-01,-1.443247603938166,Low,1951.862,26.0538,55.0024,1153.6033
TCGA-DD-A115-01,0.5073699347185661,High,2547.0219,12.5392,9.4044,436.5204
TCGA-DD-A116-01,-1.9930350465677402,Low,2629.7348,10.4303,27.3795,1940.0324
TCGA-DD-A118-01,2.314482082761245,High,5039.4235,25.4345,15.2607,509.9618
TCGA-DD-A119-01,-0.7563864764128831,Low,1872.6092,7.0188,17.5469,845.7624
TCGA-DD-A11A-01,-1.2997093482917248,Low,2517.7199,18.2746,241.7471,347.7398
TCGA-DD-A11B-01,0.02569157565001605,Low,2181.4971,13.9268,55.7073,320.8739
TCGA-DD-A11C-01,1.275811424343693,High,3453.0603,53.9837,17.0475,434.7105
TCGA-DD-A11D-01,1.1467595407919247,High,2900.1122,22.4467,11.2233,217.7329
TCGA-DD-A1EA-01,1.179753089871499,High,3464.7327,2.8441,30.7167,331.6268
TCGA-DD-A1EB-01,2.1773115394561833,High,4227.9309,36.743,6.8504,267.7876
TCGA-DD-A1EC-01,-0.3378242013325358,Low,1517.4349,29.2585,21.2425,435.2705
TCGA-DD-A1ED-01,-0.32044051470489543,Low,1803.0842,53.3808,35.5872,533.8078
TCGA-DD-A1EE-01,1.0174983117165184,High,3003.4712,8.7276,6.3473,347.9123
TCGA-DD-A1EF-01,-2.3188469377801506,Low,2655.574,12.4792,396.8386,229.6173
TCGA-DD-A1EG-01,0.7569707383744724,High,2906.5641,10.4231,16.3792,414.4435
TCGA-DD-A1EH-01,0.34785558113283527,High,2802.4242,12.9293,64.2424,374.1414
TCGA-DD-A1EI-01,1.7159374807410919,High,5200.0813,44.7336,130.1342,398.1293
TCGA-DD-A1EJ-01,-1.517775163312222,Low,2068.7861,2.6018,266.0379,109.6024
TCGA-DD-A1EK-01,2.2373788079106585,High,5282.8452,8.3682,20.0837,618.41
TCGA-DD-A1EL-01,0.157164753065533,High,2533.4471,23.2082,81.9113,290.1024
TCGA-DD-A39V-01,-2.319450708320979,Low,1341.182,5.651,31.0808,1490.9348
TCGA-DD-A39W-01,0.46021577660891066,High,3026.0921,10.7351,88.266,282.6897
TCGA-DD-A39X-01,-0.45601551594346323,Low,2299.2874,13.0641,14.2518,893.7055
TCGA-DD-A39Y-01,-0.8772281906590181,Low,1935.3544,8.4708,20.5082,938.9211
TCGA-DD-A39Z-01,-0.10113967053624726,Low,1959.0383,6.2333,22.2618,452.3598
TCGA-DD-A3A1-01,-0.5623725774225417,Low,1616.3384,1.4588,4.3764,658.6433
TCGA-DD-A3A2-01,0.5236585049183047,High,2136.9544,11.6392,1.5519,266.9253
TCGA-DD-A3A3-01,-0.38562978584253105,Low,2184.5992,9.4937,9.4937,812.2363
TCGA-DD-A3A4-01,0.334497160915447,High,2271.0997,14.9518,0.7869,460.3581
TCGA-DD-A3A5-01,0.7166443796219144,High,2502.409,17.1143,8.9292,295.4078
TCGA-DD-A3A6-01,-1.2655799587553838,Low,1294.0141,16.7254,84.507,551.9366
TCGA-DD-A3A7-01,-1.525037407773135,Low,1089.0337,2.1716,34.7448,846.9055
TCGA-DD-A3A8-01,-0.025053029334073582,Low,3187.2766,22.8735,16.4403,1062.1873
TCGA-DD-A3A9-01,0.9724586546186401,High,3759.1191,37.8527,28.2175,683.4136
TCGA-DD-A4NA-01,-1.5219442831446823,Low,2295.5401,32.977,223.1299,504.0766
TCGA-DD-A4NB-01,-1.066291503151526,Low,1617.5349,66.0737,108.6404,552.0966
TCGA-DD-A4ND-01,-0.29781902152297596,Low,2647.3132,67.9432,142.063,400.2471
TCGA-DD-A4NE-01,1.0875621281158374,High,3130.662,13.3566,18.583,310.6852
TCGA-DD-A4NF-01,-0.29571144206516814,Low,2442.3077,31.4685,19.8135,868.8811
TCGA-DD-A4NG-01,0.0670292927533382,High,3516.1499,18.7339,114.3411,644.7028
TCGA-DD-A4NH-01,-0.23408444329453323,Low,3321.1092,36.6319,85.1152,924.9545
TCGA-DD-A4NI-01,0.146251491623905,High,2155.5024,19.1388,28.7081,383.9713
TCGA-DD-A4NJ-01,0.20728281387206074,High,2304.801,19.0414,17.4546,476.828
TCGA-DD-A4NK-01,0.27849524493964284,High,2245.3878,20.0609,13.6128,425.5776
TCGA-DD-A4NL-01,-0.16238095166267025,Low,1657.1429,20.4082,17.3469,396.9388
TCGA-DD-A4NN-01,1.408556700990913,High,4515.1812,5.3869,7.8355,822.2331
TCGA-DD-A4NO-01,0.48313910802223703,High,3324.2092,42.5791,96.1071,432.4818
TCGA-DD-A4NP-01,-1.0270028115238532,Low,1442.8836,14.8423,27.0342,771.7996
TCGA-DD-A4NQ-01,-0.24723762364661345,Low,2197.028,17.3953,26.093,660.1521
TCGA-DD-A4NR-01,-0.48737995006077184,Low,1903.6275,21.1153,37.3579,616.1343
TCGA-DD-A4NS-01,-0.6921055778076377,Low,2231.8018,39.2359,96.541,628.2912
TCGA-DD-A4NV-01,1.5671224541067148,High,3709.5215,24.1663,21.7496,295.7951
TCGA-DD-A73A-01,0.941622535409507,High,2687.5315,22.3245,6.8691,265.3186
TCGA-DD-A73B-01,-0.1561510677563277,Low,2350.0802,17.1032,20.31,707.1085
TCGA-DD-A73C-01,0.5574745162951464,High,2397.5976,36.6366,16.8168,339.9399
TCGA-DD-A73D-01,0.0801449603282052,High,2588.081,4.2687,31.7107,590.9167
TCGA-DD-A73E-01,-0.5435831793858992,Low,2068.5237,16.156,9.4708,867.4095
TCGA-DD-A73F-01,0.34653367407066,High,2531.6373,21.5597,14.3732,520.7006
TCGA-DD-A73G-01,-2.0600522273321973,Low,1811.98,12.4792,9.1514,1684.6922
TCGA-DD-AA3A-01,-0.9365109216420987,Low,1037.6135,26.5888,41.5045,465.6291
TCGA-DD-AAC8-01,0.615341591536775,High,3770.3093,6.8416,18.8145,901.9551
TCGA-DD-AAC9-01,-0.3796948036516263,Low,1721.3622,24.7678,14.4479,587.2033
TCGA-DD-AACA-01,1.653434392336674,High,4294.0216,44.8655,13.5032,607.6446
TCGA-DD-AACA-02,0.012191347852704374,Low,3444.4307,17.269,10.3614,1184.6552
TCGA-DD-AACB-01,-0.6143079765549666,Low,2822.9476,14.8368,29.6736,1169.1395
TCGA-DD-AACC-01,-0.03871747881244721,Low,2816.9935,12.1382,40.1494,746.9655
TCGA-DD-AACD-01,-0.6841769902822455,Low,1532.6465,11.4067,12.4437,670.9217
TCGA-DD-AACE-01,1.6790903695211434,High,3431.6134,30.303,4.914,190.8272
TCGA-DD-AACF-01,0.12546249707653623,High,1939.472,5.1513,7.0831,378.622
TCGA-DD-AACG-01,-0.41044872692680123,Low,2387.3171,23.4146,139.5122,273.1707
TCGA-DD-AACH-01,2.79848408910569,High,5819.1474,27.1768,25.7078,534.3553
TCGA-DD-AACI-01,-0.6419760532931624,Low,1791.1647,26.7738,26.7738,724.2303
TCGA-DD-AACJ-01,0.6635461820038598,High,3118.8433,9.8742,12.6954,593.8639
TCGA-DD-AACK-01,0.1111132487212891,High,2547.92,25.0132,9.4787,707.7409
TCGA-DD-AACL-01,-0.9871648843906548,Low,1606.6298,8.8398,75.1381,563.5359
TCGA-DD-AACN-01,0.2208371115836333,High,3611.8694,13.0564,68.8427,821.9585
TCGA-DD-AACO-01,-0.18702556823781621,Low,2505.9049,2.6171,34.0227,702.7002
TCGA-DD-AACP-01,-1.2577014858937294,Low,1385.4595,6.8587,87.1056,558.9849
TCGA-DD-AACQ-01,3.702970176630327,High,6456.0319,11.33,10.3,328.5696
TCGA-DD-AACS-01,0.5569537151584741,High,3613.9678,15.3492,99.7698,455.8711
TCGA-DD-AACT-01,1.1434405619475996,High,3392.2415,6.3788,12.7576,419.7245
TCGA-DD-AACU-01,1.897569871850115,High,4495.6772,10.3746,48.415,304.8991
TCGA-DD-AACV-01,0.789576993888451,High,2905.3006,0.7975,16.7475,373.231
TCGA-DD-AACW-01,-0.052012062784510704,Low,2424.9013,6.9937,92.1895,283.5621
TCGA-DD-AACX-01,1.320291702987437,High,3652.8142,5.8092,30.2078,343.3227
TCGA-DD-AACY-01,0.08073015570657259,High,2360.1672,6.5419,10.9031,593.131
TCGA-DD-AACZ-01,-1.123152071795186,Low,2096.8615,14.0693,133.1169,593.0736
TCGA-DD-AAD0-01,1.4594416439122204,High,4150.6547,1.1636,16.8726,558.5406
TCGA-DD-AAD1-01,1.2364792759485528,High,4565.2725,39.924,83.6502,623.5741
TCGA-DD-AAD2-01,0.34222555897178975,High,2597.2222,16.6667,31.4815,456.4815
TCGA-DD-AAD3-01,0.8271549840357763,High,2900.7103,8.8398,31.5706,285.3986
TCGA-DD-AAD5-01,-0.7052703562593021,Low,1716.2506,8.6602,51.9613,561.3856
TCGA-DD-AAD6-01,-0.601576105646799,Low,2109.4265,2.7324,124.325,297.8335
TCGA-DD-AAD8-01,1.1737322742490641,High,2780.8445,27.3649,11.3234,151.9226
TCGA-DD-AADA-01,0.09402137582674451,High,1832.0978,21.639,29.6534,259.6674
TCGA-DD-AADB-01,0.209779088907259,High,3170.4974,18.3448,104.303,439.7499
TCGA-DD-AADC-01,-0.8576245455962505,Low,2428.2178,27.2277,146.0396,545.3795
TCGA-DD-AADD-01,-0.20837548787212834,Low,3265.5072,6.3768,173.3333,363.4783
TCGA-DD-AADF-01,0.4236702434685854,High,2106.9223,13.6315,9.3717,277.7423
TCGA-DD-AADG-01,0.014049177442007014,Low,2659.5777,21.8745,6.0763,834.2701
TCGA-DD-AADI-01,-2.7753767360745134,Low,1871.553,5.0798,55.8781,1902.0319
TCGA-DD-AADJ-01,-1.4041663597972531,Low,1930.057,10.7945,26.9863,1235.9705
TCGA-DD-AADK-01,-0.40774812769724983,Low,2765.2296,19.2127,53.4208,896.4386
TCGA-DD-AADL-01,1.389632074845232,High,3569.2954,20.0653,21.9319,329.9113
TCGA-DD-AADM-01,-0.40849733781891856,Low,1810.3203,11.5405,13.8486,626.2646
TCGA-DD-AADN-01,-1.0618981228492113,Low,1084.8765,1.5432,33.9506,558.642
TCGA-DD-AADO-01,-3.184554111690758,Low,708.4806,24.735,145.7597,1161.6608
TCGA-DD-AADP-01,-0.6447057015638702,Low,1697.2973,16.8919,39.8649,593.2432
TCGA-DD-AADQ-01,-0.7597062400041799,Low,1345.9279,3.2027,30.4255,518.0341
TCGA-DD-AADR-01,0.9103166337116592,High,3076.7263,26.428,36.6581,325.6607
TCGA-DD-AADS-01,-0.38108156621284806,Low,1836.8146,0.0,23.4987,549.6084
TCGA-DD-AADU-01,0.13398893757805252,High,2406.015,27.4215,13.2685,609.4648
TCGA-DD-AADV-01,1.3839024053258815,High,3536.9383,31.335,24.8069,324.2302
TCGA-DD-AADW-01,-0.8327271971443209,Low,2635.6164,39.9217,81.409,992.1722
TCGA-DD-AADY-01,1.4155312348992042,High,3469.1691,18.4727,12.0072,314.0355
TCGA-DD-AAE0-01,-1.5529015400788728,Low,1365.4096,9.1027,31.2094,1029.909
TCGA-DD-AAE1-01,0.2625023825604883,High,2578.0795,4.8497,94.0834,147.4297
TCGA-DD-AAE2-01,1.627729697572639,High,4277.0234,23.3569,8.6909,599.6741
TCGA-DD-AAE3-01,-1.4167705456568302,Low,1019.1226,93.3633,41.6198,883.0146
TCGA-DD-AAE4-01,-0.6532284176666651,Low,1042.9121,42.6162,10.654,482.9831
TCGA-DD-AAE6-01,1.1870514449836058,High,3583.1143,4.3297,34.6374,366.7852
TCGA-DD-AAE7-01,-0.3758654937230761,Low,1803.7024,15.3685,20.957,572.8257
TCGA-DD-AAE9-01,0.39200188132654895,High,3610.3087,6.7969,53.2427,783.9139
TCGA-DD-AAEA-01,0.38216037061386254,High,2677.5561,7.7535,64.6128,280.4197
TCGA-DD-AAEB-01,-0.2384458500845986,Low,1959.1563,49.548,25.4436,603.9505
TCGA-DD-AAED-01,1.1204106717943727,High,2745.5061,7.5686,22.7058,70.9555
TCGA-DD-AAEE-01,0.35404443340624897,High,2898.7767,20.4329,26.8853,626.4283
TCGA-DD-AAEG-01,0.9992795037880134,High,3252.702,20.0721,11.8374,472.9799
TCGA-DD-AAEH-01,1.265878079976649,High,3809.6774,21.7742,16.129,557.2581
TCGA-DD-AAEI-01,1.0753887532323028,High,3598.1941,15.0489,1.5049,637.3213
TCGA-DD-AAEK-01,0.31609941650304996,High,2365.2729,14.2091,14.2091,445.9479
TCGA-DD-AAVP-01,-1.014970141227533,Low,3661.5721,37.1179,10.917,1966.1572
TCGA-DD-AAVQ-01,-0.22193794657135885,Low,2446.4286,22.4654,14.977,832.9493
TCGA-DD-AAVR-01,-0.20435742527458536,Low,1986.5169,67.4157,24.7191,633.7079
TCGA-DD-AAVS-01,0.6873328277583401,High,2948.8848,68.7732,46.9331,429.8327
TCGA-DD-AAVU-01,0.31019395618953377,High,2608.8881,9.5888,17.7024,540.6602
TCGA-DD-AAVV-01,1.255533313018075,High,3774.1935,48.3871,20.8333,572.5806
TCGA-DD-AAVW-01,0.4381819777429161,High,2583.8466,40.8235,57.0121,302.657
TCGA-DD-AAVX-01,-0.47773730731201003,Low,2129.5872,25.2294,43.578,694.9541
TCGA-DD-AAVY-01,0.7946809243536146,High,2918.1291,14.2845,3.061,473.4307
TCGA-DD-AAVZ-01,0.36836238758832784,High,2807.9289,15.7211,37.594,508.5441
TCGA-DD-AAW0-01,1.4485499268939765,High,3815.3093,9.0922,21.5939,393.2371
TCGA-DD-AAW1-01,0.1566618190172041,High,3550.9592,29.3765,8.9928,1176.259
TCGA-DD-AAW2-01,0.7272953802619755,High,3308.5427,29.1457,10.0503,696.4824
TCGA-DD-AAW3-01,0.630263857146071,High,3229.1274,27.6208,6.696,733.2078
TCGA-ED-A459-01,0.3655046638319153,High,2520.4387,14.243,55.8325,272.8956
TCGA-ED-A4XI-01,0.552906007353563,High,2734.2105,13.1579,28.2895,401.3158
TCGA-ED-A5KG-01,-1.7526939089603413,Low,1796.7726,34.7958,93.293,1088.2501
TCGA-ED-A627-01,-0.8689484001939601,Low,1725.6484,8.6455,74.928,548.1268
TCGA-ED-A66X-01,0.010957586261785593,Low,2576.9231,18.7377,61.144,502.4655
TCGA-ED-A66Y-01,-0.831836344462768,Low,2654.9943,16.0735,177.9564,451.2055
TCGA-ED-A7PX-01,-1.4173695740371262,Low,1548.5457,45.3366,79.7487,849.3787
TCGA-ED-A7PY-01,-0.4923855735399358,Low,1786.9214,9.7967,72.4957,357.5802
TCGA-ED-A7PZ-01,-0.4633559091621771,Low,2644.8328,21.4669,20.9165,1046.9245
TCGA-ED-A7XO-01,0.2572592413710015,High,2615.9983,10.0777,16.7961,582.826
TCGA-ED-A7XP-01,1.1321505516751258,High,3403.4582,37.464,36.3112,368.2997
TCGA-ED-A82E-01,0.9266925348671035,High,4450.1801,18.0072,176.8707,232.493
TCGA-ED-A8O5-01,0.3321150611062682,High,2386.4865,39.4595,42.7027,345.4054
TCGA-ED-A8O6-01,-0.5390756537690752,Low,2035.9491,22.2125,58.4539,604.4133
TCGA-ED-A97K-01,-0.5100805915954857,Low,1512.4904,4.8421,59.4256,294.4866
TCGA-EP-A12J-01,1.3785668202519883,High,4694.3696,3.9711,2.2692,954.1909
TCGA-EP-A26S-01,-0.12972703474989464,Low,2398.3265,5.725,15.8538,715.6226
TCGA-EP-A2KA-01,-0.4566041474878449,Low,1728.9442,11.8624,68.8019,330.3677
TCGA-EP-A2KB-01,-1.2386274840756173,Low,1852.743,16.8431,183.3494,289.7016
TCGA-EP-A2KC-01,-0.38023273317462947,Low,1994.6467,16.5953,49.7859,519.8073
TCGA-EP-A3JL-01,-0.413505165010879,Low,2113.1222,12.0664,31.6742,684.0121
TCGA-EP-A3RK-01,-0.929842402785019,Low,2147.4943,28.4738,17.6538,1127.5626
TCGA-ES-A2HS-01,-1.5143040467615998,Low,1396.3887,19.7764,9.4583,1154.7721
TCGA-ES-A2HT-01,0.04177818508168018,High,2394.5469,12.0289,6.4154,668.0032
TCGA-FV-A23B-01,0.30989354120124457,High,3079.4884,27.8666,80.8588,473.7323
TCGA-FV-A2QQ-01,0.03507931404357234,High,2181.5905,8.1403,9.3926,546.0238
TCGA-FV-A2QR-01,2.6358948101956163,High,5175.4543,30.98,16.6816,378.314
TCGA-FV-A3I0-01,-0.21686419179923233,Low,2340.5755,7.6336,41.6911,610.687
TCGA-FV-A3I1-01,1.3158017799836823,High,3430.5187,9.7597,13.5551,332.9127
TCGA-FV-A3R2-01,-0.08710941701280225,Low,2181.1862,4.7795,29.1114,512.7091
TCGA-FV-A3R3-01,0.4876486563111684,High,2867.8865,21.7655,49.8315,410.68
TCGA-FV-A495-01,-1.4683880652845458,Low,1600.0,8.6614,11.811,1191.3386
TCGA-FV-A496-01,0.9187264085678891,High,2819.8198,6.435,14.157,275.4183
TCGA-FV-A4ZP-01,-2.324740932165381,Low,646.4189,0.0,0.0,1309.1568
TCGA-FV-A4ZQ-01,0.6498611947313129,High,2998.4334,6.7885,17.7546,511.7493
TCGA-G3-A25S-01,0.16559349319162964,High,3021.6336,6.4753,7.064,880.6475
TCGA-G3-A25T-01,-1.924396291066306,Low,1233.7381,15.1778,95.4033,874.2411
TCGA-G3-A25U-01,0.38698237079838177,High,1797.1515,13.2355,3.4527,180.6934
TCGA-G3-A25V-01,-0.041548180494162486,Low,2194.332,17.5439,19.5682,564.7773
TCGA-G3-A25X-01,-2.3453889709207023,Low,883.3145,14.6561,56.3698,1170.2368
TCGA-G3-A25Y-01,-0.6655296018222183,Low,2267.7165,12.74,41.7588,864.9031
TCGA-G3-A25Z-01,0.42190678725943626,High,2588.1756,38.3313,58.3068,303.4115
TCGA-G3-A3CG-01,1.7303136864651167,High,4224.6933,10.7362,14.5706,455.5215
TCGA-G3-A3CH-01,0.8053892733363017,High,2766.8611,25.9888,11.4097,372.0842
TCGA-G3-A3CI-01,0.17441766231134004,High,1817.5182,44.708,27.3723,258.2117
TCGA-G3-A3CJ-01,-0.9373104813067175,Low,1647.3282,21.374,6.1069,936.6412
TCGA-G3-A3CK-01,-0.09842916250374399,Low,1970.7616,16.7014,8.3507,548.9476
TCGA-G3-A5SI-01,0.0841614823094479,High,2313.1334,7.4457,24.819,497.2079
TCGA-G3-A5SJ-01,-1.0390123461577778,Low,853.3669,33.3543,44.0529,439.8993
TCGA-G3-A5SK-01,0.012378914908592671,Low,2058.9474,6.3158,18.9474,447.3684
TCGA-G3-A5SL-01,0.8430899965493647,High,3384.0539,67.9394,9.5452,737.2263
TCGA-G3-A5SM-01,1.3508508328816424,High,3893.3747,27.4327,18.6335,542.4431
TCGA-G3-A6UC-01,0.650370721417605,High,2708.7017,7.3225,7.3225,426.5336
TCGA-G3-A7M5-01,-0.15730958875465395,Low,2008.5194,18.3706,45.1611,414.8695
TCGA-G3-A7M6-01,-1.3764762659222003,Low,1962.4516,15.8935,146.6177,619.0523
TCGA-G3-A7M7-01,0.42937571568383137,High,3073.9178,7.0323,14.8461,701.6721
TCGA-G3-A7M8-01,0.1955806518259596,High,1874.2378,34.2988,10.6707,339.939
TCGA-G3-A7M9-01,-3.520570857689532,Low,738.5038,17.2566,243.5533,860.8687
TCGA-G3-AAUZ-01,-0.8090252092134064,Low,1590.0621,13.8026,11.0421,788.5898
TCGA-G3-AAV0-01,0.5976421864318101,High,2450.9656,6.0196,5.0163,344.1184
TCGA-G3-AAV1-01,0.8056034747151009,High,2718.431,61.7947,5.3735,448.1462
TCGA-G3-AAV2-01,-0.9263439282849298,Low,2181.1682,12.7442,12.7442,1137.419
TCGA-G3-AAV3-01,-0.7691145238394497,Low,2198.4536,9.6649,9.0206,1061.2113
TCGA-G3-AAV4-01,0.14183218928099603,High,2717.8721,29.8864,2.9886,814.1064
TCGA-G3-AAV5-01,1.8011421181965923,High,4259.8323,2.3621,12.7554,421.8732
TCGA-G3-AAV6-01,-2.578281459234535,Low,1533.5723,4.1178,211.7706,798.8459
TCGA-G3-AAV7-01,-0.7774955937113983,Low,1840.3853,19.9166,51.6882,689.4925
TCGA-GJ-A3OU-01,-0.7481560299370935,Low,2132.1829,30.371,53.1493,824.849
TCGA-GJ-A6C0-01,0.7562024948901339,High,3111.4116,17.8475,24.3375,486.7496
TCGA-GJ-A9DB-01,0.07439717514787404,High,2242.0036,13.8805,29.5715,456.2462
TCGA-HP-A5MZ-01,-0.36135334158991567,Low,2185.5406,34.5489,67.1785,543.826
TCGA-HP-A5N0-01,0.34551359130477555,High,2228.9078,40.5494,22.8908,366.2525
TCGA-K7-A5RF-01,0.16560008827058315,High,2578.2717,6.1314,23.7593,577.8885
TCGA-K7-A5RG-01,0.44269757849407443,High,2736.4567,21.3629,22.6981,516.0481
TCGA-K7-A6G5-01,0.1502336123234257,High,3055.7423,12.7411,6.3706,922.3146
TCGA-K7-AAU7-01,-0.4390978007595884,Low,1608.9205,83.3872,68.5197,398.8365
TCGA-KR-A7K0-01,-0.18371585146993508,Low,2234.7418,23.6481,13.9106,714.3106
TCGA-KR-A7K2-01,-0.9011716109236751,Low,1649.0016,20.6948,50.7964,680.1073
TCGA-KR-A7K7-01,-1.6896396218712308,Low,1799.8615,8.3102,39.4737,1281.1634
TCGA-KR-A7K8-01,3.492939214488897,High,6516.0116,84.425,24.7453,552.4017
TCGA-LG-A6GG-01,2.2493064853291487,High,4836.7526,9.0091,14.0767,427.3685
TCGA-LG-A9QC-01,2.4909182462108816,High,4911.9046,67.7594,19.546,396.1319
TCGA-LG-A9QD-01,-0.00842052523907722,Low,1884.6154,17.4825,29.3706,342.6573
TCGA-MI-A75C-01,0.8950949110320998,High,2840.5699,13.5685,4.749,362.9579
TCGA-MI-A75E-01,0.4554025427597847,High,3080.25,24.3284,12.84,731.8804
TCGA-MI-A75G-01,0.9524340193070732,High,3318.3777,30.3075,22.5821,497.4001
TCGA-MI-A75H-01,-0.7255265553551492,Low,2371.5847,21.8579,3.9032,1167.8376
TCGA-MI-A75I-01,-0.33482298642664915,Low,2574.5993,13.5635,34.5253,846.4858
TCGA-MR-A520-01,0.07105740661056584,High,1757.5883,9.9112,13.2149,301.466
TCGA-MR-A8JO-01,-1.1207988236939497,Low,1179.0592,149.4689,76.6313,699.5448
TCGA-NI-A4U2-01,0.6233579935602038,High,2157.0404,44.1676,9.06,237.0706
TCGA-NI-A8LF-01,1.333133614989901,High,3323.2832,91.8318,23.1185,376.3177
TCGA-O8-A75V-01,0.25766706490797164,High,2709.5788,13.7118,16.0965,638.4948
TCGA-PD-A5DF-01,-0.6356930014413765,Low,1075.3828,10.6007,21.7903,368.669
TCGA-QA-A7B7-01,0.67759500023765,High,3000.8347,5.0083,43.823,356.01
TCGA-RC-A6M3-01,-1.0673151929392881,Low,735.8577,7.3586,24.5286,453.1657
TCGA-RC-A6M4-01,0.5942769257384537,High,2795.3773,10.877,11.4208,488.9191
TCGA-RC-A6M5-01,-0.3290825183642867,Low,1969.5431,30.4569,58.6576,455.7248
TCGA-RC-A6M6-01,-0.1679464940146926,Low,2527.8689,3.2787,49.1803,623.4973
TCGA-RC-A7S9-01,-0.5880390121278514,Low,1417.8051,18.0153,34.2291,453.9859
TCGA-RC-A7SB-01,0.689914427020674,High,2438.3959,21.5734,10.7867,279.8552
TCGA-RC-A7SF-01,1.6300106705340085,High,3996.1089,18.4825,31.1284,335.6031
TCGA-RC-A7SH-01,2.206001364455778,High,4549.4308,3.1868,12.7471,311.0286
TCGA-RC-A7SK-01,1.9139686895892414,High,4841.8079,19.4601,28.2486,585.0596
TCGA-RG-A7D4-01,-0.24060383875281185,Low,2689.528,5.1622,87.0206,553.0973
TCGA-T1-A6J8-01,1.2492273432060126,High,3812.1005,6.5408,38.6502,422.1793
TCGA-UB-A7MA-01,-3.1444820461431395,Low,1022.868,17.814,267.2099,641.3038
TCGA-UB-A7MB-01,-0.7079772683040922,Low,1407.3034,2.3408,62.7341,345.0375
TCGA-UB-A7MC-01,-0.30958937827242533,Low,2200.9724,9.3193,62.3987,495.9481
TCGA-UB-A7MD-01,0.4111659214162527,High,3171.5602,10.3627,11.5141,784.1105
TCGA-UB-A7ME-01,-0.10252876912790067,Low,2752.784,31.4774,80.7721,580.2524
TCGA-UB-A7MF-01,-0.936222209924976,Low,2134.3425,4.7304,105.4872,621.0974
TCGA-UB-AA0U-01,0.5213645304455548,High,2727.6243,20.442,19.337,478.453
TCGA-UB-AA0V-01,-0.3475204000116466,Low,1617.443,15.8573,50.5451,311.1992
TCGA-WJ-A86L-01,2.1686410639870486,High,5070.5726,3.9947,35.2863,470.7057
TCGA-WQ-A9G7-01,-0.68046728079482,Low,1976.3828,7.458,65.4651,599.1299
TCGA-WQ-AB4B-01,0.03442469250734987,Low,2288.1745,10.333,42.4799,429.3915
TCGA-WX-AA44-01,-0.014973140413716342,Low,2082.9421,6.2598,44.6009,341.9405
TCGA-WX-AA46-01,0.15287194557371636,High,1969.97,0.6006,12.6126,338.7387
TCGA-WX-AA47-01,-0.40191807290323855,Low,1291.762,16.0183,9.1533,403.8902
TCGA-XR-A8TC-01,0.8665112682704025,High,2975.3421,18.4602,15.7454,397.9792
TCGA-XR-A8TD-01,0.877420670788572,High,3327.4386,21.7113,35.7187,463.6423
TCGA-XR-A8TE-01,-0.3470031467373738,Low,2010.2099,12.4787,30.0624,601.8151
TCGA-XR-A8TF-01,-1.8805418406580077,Low,1719.0027,2.6954,147.5741,785.7143
TCGA-XR-A8TG-01,0.3321582244659974,High,2313.6874,10.5395,32.1731,310.0818
TCGA-YA-A8S7-01,-0.7463677162197689,Low,1862.6533,13.6588,31.8705,772.4801
TCGA-ZP-A9CV-01,1.2558998173363707,High,3629.0727,16.2907,6.8922,513.7845
TCGA-ZP-A9CY-01,0.3848157223466252,High,2496.8833,16.3149,23.4083,422.7677
TCGA-ZP-A9CZ-01,-0.607051525677132,Low,2629.8308,13.6582,91.8827,743.7529
TCGA-ZP-A9D0-01,1.474761994960101,High,3662.8057,7.0785,14.8005,334.6203
TCGA-ZP-A9D1-01,0.8740747684406736,High,3094.5338,36.0129,52.09,294.5338
TCGA-ZP-A9D2-01,-0.5343708991644489,Low,2370.4512,11.6448,117.1761,436.6812
TCGA-ZP-A9D4-01,1.010255225990937,High,3449.5828,13.0109,5.6569,580.3988
TCGA-ZS-A9CD-01,-0.15253552400770837,Low,2628.8505,9.7671,25.5447,798.6476
TCGA-ZS-A9CE-01,1.9214126071792652,High,3961.7068,2.7352,2.1882,258.2057
TCGA-ZS-A9CF-01,0.6887865142744245,High,2401.1027,35.8374,6.2026,313.5768
TCGA-ZS-A9CF-02,1.2932176463168916,High,3082.8183,40.7911,13.597,237.33
TCGA-ZS-A9CG-01,-0.7399884782199588,Low,2637.8749,10.2828,23.3076,1182.5193
